<?xml version="1.0" encoding="UTF-8"?>
<project-private xmlns="http://www.netbeans.org/ns/project-private/1">
    <editor-bookmarks xmlns="http://www.netbeans.org/ns/editor-bookmarks/2" lastBookmarkId="0"/>
    <open-files xmlns="http://www.netbeans.org/ns/projectui-open-files/2">
        <group>
            <file>file:/C:/Users/Milind/Documents/NetBeansProjects/CS557B_HW3_Nikita%20Patil_12541/public_html/jsp/Ad.js</file>
            <file>file:/C:/Users/Milind/Documents/NetBeansProjects/CS557B_HW3_Nikita%20Patil_12541/public_html/index.html</file>
            <file>file:/C:/Users/Milind/Documents/NetBeansProjects/CS557B_HW3_Nikita%20Patil_12541/public_html/jsp/server_mysql.js</file>
            <file>file:/C:/Users/Milind/Documents/NetBeansProjects/CS557B_HW3_Nikita%20Patil_12541/public_html/mbLayout.css</file>
            <file>file:/C:/Users/Milind/Documents/NetBeansProjects/CS557B_HW3_Nikita%20Patil_12541/public_html/charts.html</file>
        </group>
    </open-files>
</project-private>
